date,equity,drawdown
2018-11-26,100000.0,0.0
2018-11-27,100000.0,0.0
2018-11-28,100000.0,0.0
2018-11-29,100000.0,0.0
2018-11-30,100000.0,0.0
2018-12-03,100000.0,0.0
2018-12-04,100000.0,0.0
2018-12-06,100000.0,0.0
2018-12-07,100000.0,0.0
2018-12-10,100000.0,0.0
2018-12-11,100000.0,0.0
2018-12-12,100000.0,0.0
2018-12-13,100000.0,0.0
2018-12-14,100000.0,0.0
2018-12-17,100000.0,0.0
2018-12-18,100000.0,0.0
2018-12-19,100000.0,0.0
2018-12-20,100000.0,0.0
2018-12-21,100000.0,0.0
2018-12-24,100000.0,0.0
2018-12-26,100000.0,0.0
2018-12-27,100000.0,0.0
2018-12-28,100000.0,0.0
2018-12-31,100000.0,0.0
2019-01-02,100000.0,0.0
2019-01-03,100000.0,0.0
2019-01-04,100000.0,0.0
2019-01-07,100000.0,0.0
2019-01-08,100000.0,0.0
2019-01-09,100000.0,0.0
2019-01-10,100000.0,0.0
2019-01-11,100000.0,0.0
2019-01-14,100000.0,0.0
2019-01-15,100000.0,0.0
2019-01-16,100000.0,0.0
2019-01-17,100000.0,0.0
2019-01-18,100000.0,0.0
2019-01-22,100000.0,0.0
2019-01-23,100000.0,0.0
2019-01-24,100000.0,0.0
2019-01-25,100000.0,0.0
2019-01-28,100000.0,0.0
2019-01-29,100000.0,0.0
2019-01-30,100000.0,0.0
2019-01-31,100000.0,0.0
2019-02-01,100000.0,0.0
2019-02-04,100000.0,0.0
2019-02-05,100000.0,0.0
2019-02-06,100000.0,0.0
2019-02-07,100000.0,0.0
2019-02-08,100000.0,0.0
2019-02-11,100000.0,0.0
2019-02-12,100000.0,0.0
2019-02-13,100000.0,0.0
2019-02-14,100000.0,0.0
2019-02-15,100000.0,0.0
2019-02-19,100000.0,0.0
2019-02-20,100000.0,0.0
2019-02-21,100000.0,0.0
2019-02-22,100000.0,0.0
2019-02-25,100000.0,0.0
2019-02-26,100000.0,0.0
2019-02-27,100000.0,0.0
2019-02-28,99937.76999999999,-0.0006223000000001047
2019-03-01,100347.88537371613,0.0
2019-03-04,100151.74323846059,-0.001954621510209806
2019-03-05,99609.72573093473,-0.0073560059589929064
2019-03-06,99663.15900316533,-0.006823525657772781
2019-03-07,98445.20059569139,-0.018960885632405156
2019-03-08,98570.578667049,-0.01771145151736946
2019-03-11,100698.65379282557,0.0
2019-03-12,101477.43873247146,0.0
2019-03-13,102362.99015427104,0.0
2019-03-14,102292.62633960332,-0.0006873950688787096
2019-03-15,103504.07069085588,0.0
2019-03-18,104028.50093168768,0.0
2019-03-19,104710.8267861409,0.0
2019-03-20,104566.87560101082,-0.0013747497708530218
2019-03-21,107925.97434105667,0.0
2019-03-22,105116.59928003016,-0.026030573994621643
2019-03-25,104634.24931675087,-0.030499840695471823
2019-03-26,104942.69416874385,-0.02764191095357048
2019-03-27,104170.52461494542,-0.03479653298513355
2019-03-28,104480.45662429393,-0.031924823822989695
2019-03-29,105519.48648259018,-0.022297578253607057
2019-04-01,106634.24370464397,-0.011968672456277338
2019-04-02,106910.73158434352,-0.0094068435602433
2019-04-03,108472.49992523965,0.0
2019-04-04,108083.78858049892,-0.0035835013022529737
2019-04-05,108944.66832357805,0.0
2019-04-08,109174.00743179259,0.0
2019-04-09,108280.23680044671,-0.008186661389198043
2019-04-10,109399.59816039228,0.0
2019-04-11,109330.89796760477,-0.0006279748183972995
2019-04-12,109184.89159810492,-0.0019625900450985115
2019-04-15,108175.1618027041,-0.011192329572299018
2019-04-16,108425.05932922296,-0.008908065912093562
2019-04-17,108757.46729551328,-0.00586959070852859
2019-04-18,109658.07019215125,0.0
2019-04-22,110112.8405132538,0.0
2019-04-23,111453.34976419715,0.0
2019-04-24,111259.08061064231,-0.0017430535193949173
2019-04-25,113278.04918612096,0.0
2019-04-26,113026.83809351819,-0.0022176502368081567
2019-04-29,112951.26356481668,-0.0028848097548657436
2019-04-30,113632.35517335558,0.0
2019-05-01,111708.03685769341,-0.016934598536890836
2019-05-02,110767.92379942066,-0.025207885285533235
2019-05-03,112397.76485202648,-0.010864778077033009
2019-05-06,111700.3433161564,-0.01700230409069435
2019-05-07,109554.12397318296,-0.035889700551844976
2019-05-08,109449.46103594874,-0.03681076688963708
2019-05-09,109448.43366669555,-0.03681980805798763
2019-05-10,110784.78520199195,-0.02505949970868265
2019-05-13,107729.150989706,-0.0519500293260995
2019-05-14,108817.21187344308,-0.04237475578647116
2019-05-15,109874.87703328824,-0.03306697405272463
2019-05-16,112171.16794173066,-0.012858901229282441
2019-05-17,111454.90488221464,-0.01916223849993301
2019-05-20,110039.6776215474,-0.03161667771760303
2019-05-21,110583.38407798689,-0.026831892120138052
2019-05-22,111174.33350063051,-0.021631353754616372
2019-05-23,110037.08573811477,-0.03163948709639902
2019-05-24,110067.83490065661,-0.03136888492068122
2019-05-28,109927.87319529364,-0.032600591375673324
2019-05-29,109095.87861341378,-0.039922401969236944
2019-05-30,109679.05238575947,-0.03479029174010361
2019-05-31,108013.96363508893,-0.049443589633386756
2019-06-03,105118.27022962595,-0.07492659050092454
2019-06-04,107736.07249659997,-0.05188911791681465
2019-06-05,109881.327288649,-0.03301020980322087
2019-06-06,111537.46226018858,-0.018435707945778895
2019-06-07,114273.6075684396,0.0
2019-06-10,115170.72322156475,0.0
2019-06-11,114820.03353893533,-0.0030449551137642014
2019-06-12,114353.6712403837,-0.007094268042488646
2019-06-13,114977.13701881874,-0.0016808629600561752
2019-06-14,115051.7518449101,-0.0010330001698936274
2019-06-17,115400.13435857485,0.0
2019-06-18,117097.57256345215,0.0
2019-06-19,117400.2731316165,0.0
2019-06-20,118343.46343985303,0.0
2019-06-21,118401.3488365155,0.0
2019-06-24,118996.20571978868,0.0
2019-06-25,115871.41534500434,-0.026259579924275647
2019-06-26,116198.8369831816,-0.023508049854919767
2019-06-27,116375.32068236821,-0.0220249462709097
2019-06-28,116221.51596321726,-0.02331746411398389
2019-07-01,117510.54599038731,-0.012484933619646517
2019-07-02,118169.70907246292,-0.006945571435042052
2019-07-03,118798.35861776325,-0.0016626337018787868
2019-07-05,118518.08176838739,-0.004017976443107502
2019-07-08,118446.70679658683,-0.004617785246832132
2019-07-09,118060.2216329141,-0.007865663289118892
2019-07-10,119090.84873604141,0.0
2019-07-11,119471.7377877573,0.0
2019-07-12,120033.75238926047,0.0
2019-07-15,119927.21208530826,-0.0008875862149731347
2019-07-16,119109.4092054714,-0.0077006938914272365
2019-07-17,119346.35267069013,-0.005726720233998417
2019-07-18,119504.85582700127,-0.004406232011676359
2019-07-19,119072.12857713977,-0.008011278436103745
2019-07-22,120637.27477354062,0.0
2019-07-23,122363.01369899539,0.0
2019-07-24,123965.14900387052,0.0
2019-07-25,121858.9630429499,-0.016990145842158175
2019-07-26,122832.94539983565,-0.009133241182161007
2019-07-29,122605.34230593123,-0.010969266030542447
2019-07-30,122439.32710659875,-0.01230847467641194
2019-07-31,119185.44794385748,-0.038556812930251955
2019-08-01,120491.44825874333,-0.028021591334664024
2019-08-02,119639.97016094672,-0.03489028067710195
2019-08-05,116266.1029642465,-0.06210653640551538
2019-08-06,118053.87184351361,-0.04768499217608609
2019-08-07,118518.60648335061,-0.04393607852114838
2019-08-08,121189.16494685836,-0.022393261971761804
2019-08-09,120295.25076230419,-0.029604274032306855
2019-08-12,118955.02395875311,-0.04041559329679815
2019-08-13,120963.34150947725,-0.02421493071653186
2019-08-14,117591.93322621533,-0.05141135092296143
2019-08-15,117384.62104443621,-0.0530836933792485
2019-08-16,119189.38418835346,-0.0385250600986891
2019-08-19,128342.68299862705,0.0
2019-08-20,126209.20605596236,-0.016623284575463526
2019-08-21,128487.61943171686,0.0
2019-08-22,128777.16394719221,0.0
2019-08-23,122242.1093304497,-0.0507469990519619
2019-08-26,124509.91819457017,-0.033136665087390126
2019-08-27,121814.15891255825,-0.054070184660141164
2019-08-28,121226.67869694302,-0.05863217529270501
2019-08-29,125430.46763568162,-0.025988274698167554
2019-08-30,126033.9762301199,-0.021301818063000817
2019-09-03,123700.9836706343,-0.03941832636289071
2019-09-04,126893.59837388445,-0.014626549580484271
2019-09-05,134882.37100864088,0.0
2019-09-06,134306.03039469622,-0.0042729128323799855
2019-09-09,135389.3931405741,0.0
2019-09-10,137293.7907418969,0.0
2019-09-11,138102.70094355842,0.0
2019-09-12,138102.70094355842,0.0
2019-09-13,136519.97758218012,-0.01146048086362301
2019-09-16,135464.82867459458,-0.019100801439371685
2019-09-17,135999.38362113727,-0.015230095487276243
2019-09-18,135190.47341947575,-0.02108740454882832
2019-09-19,133042.81659084174,-0.03663856186842149
2019-09-20,130340.36868337258,-0.056206954731162335
2019-09-23,131716.03652286908,-0.04624576041636958
2019-09-24,130027.00050013223,-0.05847604998490704
2019-09-25,134201.25003662426,-0.02825035919122721
2019-09-26,133354.79840444186,-0.03437950530060232
2019-09-27,129537.49040575979,-0.06202058670307375
2019-09-30,131184.5705051739,-0.050094099471754014
2019-10-01,131184.5705051739,-0.050094099471754014
2019-10-02,130625.45006149738,-0.05414268389375626
2019-10-03,136216.65449826285,-0.013656839673732215
2019-10-04,136778.3531030247,-0.009589586818254624
2019-10-07,138389.09572450025,0.0
2019-10-08,133578.10120561608,-0.03476426010082262
2019-10-09,135952.1862476835,-0.017609114822659498
2019-10-10,137599.26634709764,-0.0057073093314734275
2019-10-11,139482.55221424994,0.0
2019-10-14,139748.0784837652,0.0
2019-10-15,146286.20986821802,0.0
2019-10-16,144981.3806528823,-0.0089197007463053
2019-10-17,144981.3806528823,-0.0089197007463053
2019-10-18,142479.10506364255,-0.02602504233314339
2019-10-21,145982.2908885782,-0.002077564111570142
2019-10-22,145726.80971838598,-0.003824011506867113
2019-10-23,145478.62523051075,-0.005520579406868131
2019-10-24,146473.35760851158,0.0
2019-10-25,151208.04099149717,0.0
2019-10-28,152691.09167242536,0.0
2019-10-29,150549.26002850774,-0.01402722071378328
2019-10-30,150549.26002850774,-0.01402722071378328
2019-10-31,148394.73215735855,-0.028137591184978706
2019-11-01,150070.47605714123,-0.01716285859627126
2019-11-04,154944.6598448905,0.0
2019-11-05,154464.003058396,-0.003102119085457209
2019-11-06,153353.90834533662,-0.01026657841029387
2019-11-07,153803.58971361638,-0.007364372108186232
2019-11-08,153459.1275486779,-0.00958750238762476
2019-11-11,153639.30927087038,-0.00842462447771263
2019-11-12,154504.2004114021,-0.0028426886988511275
2019-11-13,154305.1476782173,-0.004127358550552137
2019-11-14,155036.7942175312,0.0
2019-11-15,154667.82590352118,-0.0023798757957566668
2019-11-18,158038.7370908088,0.0
2019-11-19,156209.33744766723,-0.011575640737311148
2019-11-20,156769.91035156074,-0.008028580603747783
2019-11-21,156296.54251321038,-0.01102384522724551
2019-11-22,156618.55558522185,-0.008986287360490093
2019-11-25,160537.812484901,0.0
2019-11-26,159511.34086495225,-0.006393955443022416
2019-11-27,159967.51245674127,-0.0035524342790790044
2019-11-29,159165.3964321042,-0.008548864791127448
2019-12-02,157032.03550155606,-0.02183770246448733
2019-12-03,156705.23394980878,-0.023873369617844226
2019-12-04,157171.33521460945,-0.0209699959042868
2019-12-05,157200.14936070103,-0.020790510799528136
2019-12-06,158693.61020311795,-0.011487650499513913
2019-12-09,158438.49559942004,-0.013076775203215096
2019-12-10,158514.88555245503,-0.01260093744354603
2019-12-11,159210.29600331595,-0.008269182574727686
2019-12-12,161038.98217710326,0.0
2019-12-13,161839.4801987939,0.0
2019-12-16,162597.89492055454,0.0
2019-12-17,162279.7264899946,-0.0019567807487016094
2019-12-18,162084.20400328035,-0.0031592716346369484
2019-12-19,163477.04616866985,0.0
2019-12-20,164876.4678520089,0.0
2019-12-23,164865.62545285886,-6.576074373316771e-05
2019-12-24,164742.4411209678,-0.0008128918140180883
2019-12-26,165779.8292011499,0.0
2019-12-27,165911.9449636131,0.0
2019-12-30,164836.62458208963,-0.006481271627303825
2019-12-31,164781.54988058298,-0.006813223021874741
2020-01-02,167253.02712718924,0.0
2020-01-03,165600.6200805745,-0.009879683943526769
2020-01-06,165943.1580055086,-0.007831661669624337
2020-01-07,165094.84551659826,-0.012903692373530383
2020-01-08,166713.70137939721,-0.0032246097846820513
2020-01-09,168200.37823298178,0.0
2020-01-10,167771.98658681486,-0.002546912502024995
2020-01-13,169711.7260641874,0.0
2020-01-14,168258.26507184363,-0.008564293263943548
2020-01-15,168590.92604143103,-0.006604140142517072
2020-01-16,170675.73847178006,0.0
2020-01-17,171176.63202647332,0.0
2020-01-21,170741.1325284952,-0.002544152743411735
2020-01-22,170293.25847200275,-0.00516059665395188
2020-01-23,171154.82481552107,-0.00012739595757950574
2020-01-24,169933.69482081602,-0.007261138339636676
2020-01-27,166510.01539706343,-0.02726199583532044
2020-01-28,169306.61191993198,-0.010924505783313544
2020-01-29,169825.24853952863,-0.007894672718737035
2020-01-30,172291.36907760912,0.0
2020-01-31,169876.60503963448,-0.014015583316230469
2020-02-03,172691.7653311337,0.0
2020-02-04,176678.13745311456,0.0
2020-02-05,176591.03571234597,-0.0004929967115580506
2020-02-06,178958.50465610108,0.0
2020-02-07,179019.89400924076,0.0
2020-02-10,182114.83695563645,0.0
2020-02-11,179335.83610168536,-0.015259607072146788
2020-02-12,179864.79713013105,-0.012355060483366969
2020-02-13,179226.29020588877,-0.015861128055433146
2020-02-14,182109.9150203381,-2.7026547537878903e-05
2020-02-18,183634.23641018063,0.0
2020-02-19,185281.34343075237,0.0
2020-02-20,183217.99382080973,-0.011136305316750921
2020-02-21,179025.51181457346,-0.03376395863902501
2020-02-24,172918.8807140164,-0.0667226526310046
2020-02-25,169367.63585090046,-0.0858894224598471
2020-02-26,171399.36119072398,-0.07492379957411462
2020-02-27,164177.9337547761,-0.11389926953904841
2020-02-28,171465.28866339757,-0.07456797598468652
2020-03-02,174274.79651810665,-0.05940450726901891
2020-03-03,169838.47656210704,-0.08334820215947428
2020-03-04,177207.14469664474,-0.04357804506704318
2020-03-05,172546.43713956172,-0.0687328041527842
2020-03-06,169744.14128008494,-0.08385734830595266
2020-03-09,159371.64382626113,-0.13983976543312798
2020-03-10,167527.88205115643,-0.09581893703308114
2020-03-11,161450.06417561456,-0.12862212035959564
2020-03-12,146293.80929437713,-0.21042342102267064
2020-03-13,158493.36928848646,-0.1445799865558387
2020-03-16,139415.44773653566,-0.247547296694547
2020-03-17,145358.68120010558,-0.21547049201727972
2020-03-18,139440.56469909236,-0.24741173548751114
2020-03-19,143356.98437101688,-0.22627404510052268
2020-03-20,139884.31246375092,-0.24501674116999417
2020-03-23,143860.04314730118,-0.22355893754047673
2020-03-24,163927.58852145058,-0.11525043220167824
2020-03-25,163095.3303844463,-0.11974229372207641
2020-03-26,166814.72193096465,-0.09966800303717302
2020-03-27,164853.92733926993,-0.11025079866779491
2020-03-30,170543.7993929687,-0.07954143555361104
2020-03-31,169666.69823466995,-0.08427532371557035
2020-04-01,161164.5676655662,-0.1301630014044002
2020-04-02,166371.64941298566,-0.10205935291501209
2020-04-03,161091.8513469082,-0.13055546573627275
2020-04-06,171658.78663559683,-0.07352362921659665
2020-04-07,167303.6448054486,-0.0970291897307125
2020-04-08,170603.05505650592,-0.07922162103564602
2020-04-09,168892.24564128448,-0.08845519730157402
2020-04-13,171879.4483947882,-0.07233267412578451
2020-04-14,177776.23374249742,-0.04050655910242754
2020-04-15,176464.3512098755,-0.04758704820257402
2020-04-16,181921.00855791345,-0.018136390910263596
2020-04-17,180974.88833326782,-0.023242788603236007
2020-04-20,178872.19231230277,-0.03459145427043485
2020-04-21,172209.65509071868,-0.07055048337837182
2020-04-22,178693.94932813005,-0.03555346685557854
2020-04-23,177871.58742934774,-0.03999191642397594
2020-04-24,180039.06285308133,-0.02829362352734835
2020-04-27,183001.2482705876,-0.012306123854380152
2020-04-28,180860.73843556634,-0.023858878143541765
2020-04-29,183393.31199021437,-0.010190078534505249
2020-04-30,180963.84085480522,-0.023302414026163315
2020-05-01,177551.1662754623,-0.041721292668515014
2020-05-04,180535.17696827571,-0.02561599767464177
2020-05-05,181872.79285471136,-0.018396620582119962
2020-05-06,183048.59291588006,-0.012050595454079212
2020-05-07,183801.63408754853,-0.007986283539426459
2020-05-08,184988.48319212173,-0.0015806245421579601
2020-05-11,187424.33142896695,0.0
2020-05-12,183695.82619243412,-0.01989338955143035
2020-05-13,183082.54606543106,-0.023165537422132464
2020-05-14,186140.38269159466,-0.006850491222687948
2020-05-15,192486.8684738018,0.0
2020-05-18,195962.3766001257,0.0
2020-05-19,196594.51551493525,0.0
2020-05-20,198601.61112529106,0.0
2020-05-21,196397.08712975745,-0.011100232183629441
2020-05-22,198964.17674132297,0.0
2020-05-26,195148.71248543562,-0.019176639324615212
2020-05-27,193012.24736547627,-0.02991457795734209
2020-05-28,192396.97344954076,-0.03300696336064733
2020-05-29,196920.3219417356,-0.010272476347561905
2020-06-01,196541.1575823569,-0.012178167942846792
2020-06-02,196783.64442277368,-0.01095942171230271
2020-06-03,196053.7401692207,-0.014627942676767335
2020-06-04,196053.7401692207,-0.014627942676767335
2020-06-05,197764.65288854757,-0.006028843344673652
2020-06-08,196542.57237474265,-0.012171057153312017
2020-06-09,199429.52054659303,0.0
2020-06-10,203200.69252328356,0.0
2020-06-11,196450.49297030395,-0.033219372774559545
2020-06-12,198053.5170520939,-0.025330501620214114
2020-06-15,201101.7515559188,-0.010329398691021958
2020-06-16,199781.51446129105,-0.016826606344369267
2020-06-17,201766.3074066244,-0.007058957815780108
2020-06-18,201529.97276946076,-0.008222018011239646
2020-06-19,201993.93892699093,-0.0059387277735500794
2020-06-22,205132.36644540683,0.0
2020-06-23,204228.22140242584,-0.004407617669743101
2020-06-24,201806.76074338323,-0.016211998913924042
2020-06-25,204404.86417640472,-0.0035465016155591853
2020-06-26,200790.5921971925,-0.021165720083328857
2020-06-29,201242.2006906871,-0.01896417333904759
2020-06-30,204634.4396529378,-0.002427343871165926
2020-07-01,204983.817989926,-0.0007241590298738621
2020-07-02,205999.4032723548,0.0
2020-07-06,208588.01284874792,0.0
2020-07-07,208457.66278413276,-0.0006249163738363333
2020-07-08,212269.82328451273,0.0
2020-07-09,215153.26041977378,0.0
2020-07-10,214835.39767424727,-0.0014773782414746772
2020-07-13,210686.5163781862,-0.02076075460289449
2020-07-14,212752.96718488637,-0.011156202003187567
2020-07-15,211768.98199324834,-0.01572961720367409
2020-07-16,209810.04222692715,-0.024834474655051796
2020-07-17,210022.67569782696,-0.023846186257818373
2020-07-20,214193.37664044148,-0.004461395460424475
2020-07-21,212364.39443600032,-0.012962229707010971
2020-07-22,213875.72183790346,-0.0059378072141588085
2020-07-23,209147.98884918343,-0.027911599196190642
2020-07-24,209551.1011423401,-0.026037993877032622
2020-07-27,211843.81775058398,-0.015381791857269204
2020-07-28,209773.88830522852,-0.025002512646333405
2020-07-29,212306.66436327598,-0.013230550403670218
2020-07-30,213752.8066447562,-0.00650909854810116
2020-07-31,213752.8066447562,-0.00650909854810116
2020-08-03,217733.03413072487,0.0
2020-08-04,219922.15924800764,0.0
2020-08-05,220497.4657630352,0.0
2020-08-06,220967.49156588753,0.0
2020-08-07,219658.36624014442,-0.005924515486264446
2020-08-10,219285.9774234731,-0.0076097806536987765
2020-08-11,216458.22111089525,-0.020406940509833844
2020-08-12,221944.81161463054,0.0
2020-08-13,221944.81161463054,0.0
2020-08-14,223052.22281213244,0.0
2020-08-17,230250.39559589498,0.0
2020-08-18,229519.80742075166,-0.0031730159388110263
2020-08-19,228493.22545834942,-0.007631561861155331
2020-08-20,228493.22545834942,-0.007631561861155331
2020-08-21,233189.23931857196,0.0
2020-08-24,233537.09219710695,0.0
2020-08-25,233786.86466889223,0.0
2020-08-26,233952.85176845297,0.0
2020-08-27,232793.60259494017,-0.004955054681958427
2020-08-28,237092.2482797863,0.0
2020-08-31,238931.1133783038,0.0
2020-09-01,242624.00433573636,0.0
2020-09-02,246650.99157644072,0.0
2020-09-03,236575.20933901615,-0.04085036177242345
2020-09-04,233556.8560853131,-0.05308770667183615
2020-09-08,227718.90756902337,-0.07675656962258763
2020-09-09,234584.11373620102,-0.048922883962945675
2020-09-10,231032.52613333665,-0.06332212712091888
2020-09-11,229869.729595274,-0.06803646672535661
2020-09-14,235872.9050615781,-0.04369772221865302
2020-09-15,237000.54468312013,-0.03912591971206319
2020-09-16,232980.9372275953,-0.05542266123267891
2020-09-17,232574.89067823096,-0.05706890050692283
2020-09-18,230296.43743161453,-0.06630646015366891
2020-09-21,233092.3624819372,-0.05497090852076106
2020-09-22,234131.613603446,-0.05075746054365563
2020-09-23,229831.0992176316,-0.0681930863172565
2020-09-24,231668.5707086474,-0.06074340416000335
2020-09-25,236281.53823092664,-0.042040995980753774
2020-09-28,237649.30064806782,-0.03649566081546909
2020-09-29,239124.56088022792,-0.03051449600144929
2020-09-30,241553.23868095002,-0.020667879187953053
2020-10-01,242351.8180099651,-0.017430189674073338
2020-10-02,237979.09997487604,-0.03515855154742866
2020-10-05,242474.92000595023,-0.01693109581193904
2020-10-06,243202.3831218473,-0.01398173359268517
2020-10-07,244982.53722553866,-0.00676443398925068
2020-10-08,244059.84236780996,-0.01050532654286014
2020-10-09,243454.84778994272,-0.012958163135976954
2020-10-12,246963.67698082255,0.0
2020-10-13,247193.84392889042,0.0
2020-10-14,246005.983571062,-0.004805380016543283
2020-10-15,245116.9886765567,-0.008401727240954901
2020-10-16,243918.14838083595,-0.01325152558814038
2020-10-19,241575.43082465164,-0.02272877436970076
2020-10-20,242722.14808828157,-0.01808983496326556
2020-10-21,241783.74347326078,-0.02188606467556671
2020-10-22,240468.8747953894,-0.027205245189825932
2020-10-23,242263.3556065037,-0.01994583782517279
2020-10-26,238786.30488971612,-0.034011927261396006
2020-10-27,240417.64916206867,-0.0274124737862446
2020-10-28,234958.5929641249,-0.04949658442256841
2020-10-29,236539.0705626647,-0.04310290740610328
2020-10-30,233791.5733730267,-0.05421765503075839
2020-11-02,234037.45007838673,-0.053222983393908296
2020-11-03,237738.871602951,-0.03824922245498682
2020-11-04,244284.83607590935,-0.01176812418442709
2020-11-05,247122.72771577243,-0.00028769411077423875
2020-11-06,250335.75315677992,0.0
2020-11-09,243396.94973282583,-0.027717988087816055
2020-11-10,237184.47145744273,-0.05253457220351907
2020-11-11,240700.81045294067,-0.03848808083679956
2020-11-12,240049.4698897763,-0.041089948747998255
2020-11-13,240731.57384084363,-0.03836519232600944
2020-11-16,241350.75977844262,-0.03589177041247556
2020-11-17,239727.51694882737,-0.04237603328402251
2020-11-18,238112.1952330444,-0.0488286541957919
2020-11-19,238266.86256539664,-0.04821081463271762
2020-11-20,235711.6388233079,-0.05841800122059769
2020-11-23,236020.56512232518,-0.057183953366379284
2020-11-24,234671.4228042839,-0.06257328469851357
2020-11-25,234598.607520834,-0.0628641551895709
2020-11-27,235509.73923986856,-0.059224516394292825
2020-11-30,234917.5036224961,-0.06159028161122356
2020-12-01,236191.35997265688,-0.05650169025302872
2020-12-02,235658.83985568307,-0.05862891383279565
2020-12-03,235034.31466668312,-0.06112366410767477
2020-12-04,235021.38211490487,-0.06117532493364613
2020-12-07,234962.9347849931,-0.06140880069240112
2020-12-08,233010.9753737974,-0.06920616637661169
2020-12-09,230151.92288977397,-0.08062703793798583
2020-12-10,229510.02684188282,-0.08319117845645639
2020-12-11,231295.5934060307,-0.07605849148852808
2020-12-14,231896.74332015446,-0.07365711690841659
2020-12-15,232286.10895693945,-0.0721017432477428
2020-12-16,235548.61946075672,-0.05906920409711647
2020-12-17,235683.48702095385,-0.05853045739994505
2020-12-18,234885.36213375395,-0.06171867513207239
2020-12-21,237663.08811912697,-0.05062267326120343
2020-12-22,238546.76970096253,-0.04709268774897768
2020-12-23,236721.31673898452,-0.054384706323866445
2020-12-24,237631.01814032265,-0.05075078112594076
2020-12-28,239163.43115416332,-0.044629350229567925
2020-12-29,238649.8291343525,-0.0466810029133504
2020-12-30,237150.6575424612,-0.052669646457017126
2020-12-31,237623.9481364006,-0.05077902321215052
2021-01-04,234640.48917140122,-0.0626968532758846
2021-01-05,234826.1284556702,-0.06195529206487884
2021-01-06,231201.44907647767,-0.07643456373696186
2021-01-07,235041.20541708826,-0.061096138073865165
2021-01-08,235865.58441241973,-0.05780304475844418
2021-01-11,234565.31008486173,-0.06299716629786195
2021-01-12,233647.20843042526,-0.06666464744212136
2021-01-13,233945.8048383555,-0.06547186373398181
2021-01-14,231460.59022714992,-0.0753993893864968
2021-01-15,228907.66612695393,-0.08559738974402922
2021-01-19,231375.3484418377,-0.0757398992187413
2021-01-20,236323.4989903352,-0.055973843087723595
2021-01-21,236776.92201872927,-0.05416258351861967
2021-01-22,237238.1639076081,-0.052320090454554734
2021-01-25,239464.3330281774,-0.04342735702556226
2021-01-26,241313.124845687,-0.03604210823790011
2021-01-27,241656.87635685012,-0.03466894636697941
2021-01-28,245023.59745928575,-0.02122012389563577
2021-01-29,240879.49110229473,-0.03777431683345258
2021-02-01,245293.21690654726,-0.02014309257325552
2021-02-02,245228.62214180586,-0.02040112509129119
2021-02-03,247194.4229952992,-0.0125484678950888
2021-02-04,246609.22794353677,-0.014886108621125748
2021-02-05,246771.62089881036,-0.01423740801313912
2021-02-08,246923.55007443385,-0.01363050638719223
2021-02-09,247340.8757966303,-0.01196344238640966
2021-02-10,246823.88319360442,-0.014028639213097507
2021-02-11,248190.94523903963,-0.008567725107955459
2021-02-12,247897.7029630809,-0.00973912101229951
2021-02-16,247879.67138273455,-0.009811150597043055
2021-02-17,246849.77478296042,-0.013925211760048925
2021-02-18,246530.2097155734,-0.015201757612398168
2021-02-19,245598.89115111766,-0.01892203549005509
2021-02-22,241858.67883000654,-0.0338628191134343
2021-02-23,240568.02535249258,-0.039018508867049516
2021-02-24,242612.55661594932,-0.030851352407475437
2021-02-25,235234.3675868178,-0.060324525680135056
2021-02-26,237650.62561980818,-0.050672456399095775
2021-03-01,240139.3385554533,-0.04073095621679271
2021-03-02,238426.62318071834,-0.04757262926244158
2021-03-03,234793.26870428986,-0.06208655478291241
2021-03-04,234438.2266024127,-0.06350481844441506
2021-03-05,237175.87559639526,-0.05256890953224292
2021-03-08,234726.71004478933,-0.06235243234399273
2021-03-09,238345.07105329086,-0.04789840025759146
2021-03-10,237597.3690699881,-0.0508851968852169
2021-03-11,240363.26157332148,-0.039836465457704244
2021-03-12,239544.38755577148,-0.043107568395354366
2021-03-15,239041.8918046483,-0.04511485558780136
2021-03-16,241043.45271803357,-0.03711934999922594
2021-03-17,240332.671143678,-0.03995866306335081
2021-03-18,236916.19892423967,-0.05360622309565134
2021-03-19,236656.48201916477,-0.05464369737489358
2021-03-22,239779.20028379772,-0.04216957721724573
2021-03-23,240735.13444644047,-0.03835096900572083
2021-03-24,239260.19562478716,-0.04424281147350285
2021-03-25,237756.2891012356,-0.05025036934163403
2021-03-26,239791.0689949922,-0.04212216604626906
2021-03-29,240974.48770265118,-0.03739484007410629
2021-03-30,239249.84829161118,-0.044284145294363406
2021-03-31,243161.6831761266,-0.028657792145895984
2021-04-01,247015.83090738195,-0.01326187812780688
2021-04-05,248359.648182282,-0.007893818400204035
2021-04-06,247738.00747534016,-0.010377046221651155
2021-04-07,248856.25752217445,-0.005910045272993392
2021-04-08,250691.29928828432,0.0
2021-04-09,252043.86358650206,0.0
2021-04-12,252107.5580486731,0.0
2021-04-13,253436.81620908287,0.0
2021-04-14,252028.7482763168,-0.005555893393185757
2021-04-15,253952.78446228744,0.0
2021-04-16,254525.46880807666,0.0
2021-04-19,253602.24937225133,-0.0036272182903687358
2021-04-20,253323.62651552085,-0.004721894033567435
2021-04-21,254535.24930290243,0.0
2021-04-22,252767.21605092936,-0.006946123402613974
2021-04-23,254789.8116034913,0.0
2021-04-26,255030.2555038358,0.0
2021-04-27,255303.00467496843,0.0
2021-04-28,251489.66248988768,-0.014936534687226244
2021-04-29,250326.61885449194,-0.01949207698049627
2021-04-30,249833.70382052756,-0.021422782945323918
2021-05-03,249381.3885499677,-0.023194463114680774
2021-05-04,246748.47714565403,-0.03350735154960413
2021-05-05,247494.80429297397,-0.030584052044100436
2021-05-06,247855.1169516581,-0.02917273822449676
2021-05-07,249853.1358289679,-0.02134666943281323
2021-05-10,246303.65950900514,-0.035249664129180694
2021-05-11,246462.25995222948,-0.03462843977882002
2021-05-12,242515.46807227025,-0.05008768548955488
2021-05-13,241792.35579090708,-0.05292005435369644
2021-05-14,244686.85027716195,-0.04158256739407403
2021-05-17,243481.10633112077,-0.046305363146424236
2021-05-18,242320.03514626145,-0.050853179519903674
2021-05-19,242715.04328466504,-0.04930596647826133
2021-05-20,246606.81744888824,-0.034062220447234795
2021-05-21,249448.6973902086,-0.02293082015314729
2021-05-24,253729.19875730493,-0.006164462966924909
2021-05-25,254002.58717087828,-0.005093623969470062
2021-05-26,254396.67496956207,-0.0035500158196736693
2021-05-27,252890.01403311727,-0.009451477646818852
2021-05-28,257915.1051085136,0.0
2021-06-01,257981.32982210763,0.0
2021-06-02,261261.867747898,0.0
2021-06-03,262459.94140999095,0.0
2021-06-04,266186.9296692731,0.0
2021-06-07,266368.1633025735,0.0
2021-06-08,265493.3695939747,-0.0032841526470453884
2021-06-09,264911.199097324,-0.0054697385272522445
2021-06-10,265322.23525513004,-0.003926625593972942
2021-06-11,267684.54737961624,0.0
2021-06-14,268802.1650380597,0.0
2021-06-15,267479.68037198007,-0.004919918207847699
2021-06-16,267536.57477292966,-0.0047082591948277176
2021-06-17,272492.9803929356,0.0
2021-06-18,272262.61394843494,-0.0008454032253179441
2021-06-21,271218.63398824696,-0.004676621037543994
2021-06-22,273696.29338443663,0.0
2021-06-23,274697.5077028224,0.0
2021-06-24,275512.01323741087,0.0
2021-06-25,274543.834377641,-0.0035141076005843824
2021-06-28,279667.0987976204,0.0
2021-06-29,279882.57775425323,0.0
2021-06-30,279728.7198734371,-0.0005497229661477796
2021-07-01,280803.57189007825,0.0
2021-07-02,282239.00460460974,0.0
2021-07-06,283304.38276533515,0.0
2021-07-07,281653.2250199911,-0.0058282110895252785
2021-07-08,279451.49437859334,-0.013599819209056162
2021-07-09,280129.4597731923,-0.01120675564970938
2021-07-12,281951.4180330115,-0.004775657612908642
2021-07-13,281041.9903455664,-0.007985730392468726
2021-07-14,280240.4885031108,-0.010814849499741713
2021-07-15,277742.9096948166,-0.019630734322684886
2021-07-16,276096.74492780917,-0.02544132133492677
2021-07-19,275397.8285377476,-0.0279083371404693
2021-07-20,275949.75057037955,-0.02596017796536364
2021-07-21,277768.68416142865,-0.019539756321001883
2021-07-22,279819.101870147,-0.012302248419767884
2021-07-23,281106.7440678267,-0.007757164488799192
2021-07-26,280567.2348549214,-0.00966150923503699
2021-07-27,279648.74931745743,-0.012903554163882188
2021-07-28,279484.6965525265,-0.013482623090842008
2021-07-29,279713.07681020617,-0.012676492753392044
2021-07-30,278940.8705606802,-0.015402205084378374
2021-08-02,278934.17994073563,-0.015425821450208255
2021-08-03,280008.0936942043,-0.01163515028943699
2021-08-04,279877.48414787295,-0.012096172265364294
2021-08-05,281438.94070606225,-0.006584585953328054
2021-08-06,281224.09179608827,-0.0073429537126858185
2021-08-09,280707.690777923,-0.009165731790189218
2021-08-10,279709.2234007864,-0.012690094411729112
2021-08-11,279841.5390813404,-0.0122230501702582
2021-08-12,281140.1392369406,-0.007639287141516708
2021-08-13,282715.1129413222,-0.0020799883794986665
2021-08-16,283528.55970490375,0.0
2021-08-17,282847.79044329806,-0.0024010606279460255
2021-08-18,281661.0485875011,-0.0065866772622353905
2021-08-19,284585.4799225679,0.0
2021-08-20,288168.4249795865,0.0
2021-08-23,288385.7222764222,0.0
2021-08-24,287426.86362633324,-0.0033249172064415506
2021-08-25,287131.73488962813,-0.004348299135253637
2021-08-26,285774.8297875206,-0.009053473480906377
2021-08-27,286119.04615039966,-0.007859876377131763
2021-08-30,287799.43578400946,-0.002032994171087189
2021-08-31,286994.00016060675,-0.004825905058092492
2021-09-01,286975.314093629,-0.004890700453752985
2021-09-02,286671.2581737317,-0.005945038087035304
2021-09-03,286725.57668933034,-0.005756684394730828
2021-09-07,286192.48872407357,-0.007605208520851726
2021-09-08,286104.50645106094,-0.007910293919387164
2021-09-09,284768.21564743714,-0.012543986576137131
2021-09-10,284146.80181527825,-0.014698787539422211
2021-09-13,283529.9746343142,-0.016837683931708994
2021-09-14,284212.130781035,-0.014472254251847966
2021-09-15,285867.8044724616,-0.008731076504360212
2021-09-16,285874.8394679396,-0.008706682108471041
2021-09-17,283613.9066083855,-0.01654664326087141
2021-09-20,280558.353137914,-0.027142013400391456
2021-09-21,281107.4126315292,-0.02523810675313743
2021-09-22,284426.6503539866,-0.013728390889756907
2021-09-23,286973.14212976,-0.004898231907986805
2021-09-24,285147.3510378126,-0.011229305019149222
2021-09-27,283133.2057571831,-0.018213510980285272
2021-09-28,278736.0581073624,-0.03346096364580221
2021-09-29,277950.4469948876,-0.03618513149389627
2021-09-30,278821.3748815049,-0.033165121072636534
2021-10-01,279016.5162287926,-0.03248845322047206
2021-10-04,274181.03137654817,-0.04925587434685344
2021-10-05,277607.8283652844,-0.037373188332836364
2021-10-06,278926.22381081665,-0.032801549226970636
2021-10-07,280326.8294638947,-0.027944839810075305
2021-10-08,279415.5791811162,-0.031104671287117268
2021-10-11,278751.07448316657,-0.033408893190699195
2021-10-12,278655.00440846523,-0.03374202367282912
2021-10-13,279960.8669207413,-0.029213843491202957
2021-10-14,283881.6968225904,-0.015618059792553077
2021-10-15,284407.33022609947,-0.013795384941108064
2021-10-18,286063.45822635683,-0.00805263184229155
2021-10-19,286383.8719400846,-0.006941572282204643
2021-10-20,285773.3350297363,-0.009058656670186687
2021-10-21,287240.39106351644,-0.00397152537186963
2021-10-22,287203.4099457585,-0.004099760284007421
2021-10-25,286815.8039537626,-0.005443814313230218
2021-10-26,287447.90692556306,-0.0032519479239690803
2021-10-27,286319.9748262237,-0.007163140511576581
2021-10-28,287192.9462386829,-0.004136044004966391
2021-10-29,290014.9231815247,0.0
2021-11-01,289854.24329585896,-0.0005540400607769399
2021-11-02,291645.12794474815,0.0
2021-11-03,292006.42007362546,0.0
2021-11-04,297590.8421967879,0.0
2021-11-05,298144.565397296,0.0
2021-11-08,299948.5171811796,0.0
2021-11-09,299506.7147746506,-0.001472927456621359
2021-11-10,296383.7665450957,-0.01188454161928946
2021-11-11,298528.4963664669,-0.0047342151515119505
2021-11-12,299045.27608088223,-0.003011320438539717
2021-11-15,298046.4504285132,-0.006341310737393839
2021-11-16,298869.6471558841,-0.0035968506710231723
2021-11-17,297137.3008777525,-0.009372329391210315
2021-11-18,301323.6525628762,0.0
2021-11-19,303945.8390446819,0.0
2021-11-22,301598.7739336536,-0.007721984674655436
2021-11-23,300949.0840595332,-0.00985950324099744
2021-11-24,302400.59496802656,-0.005083945486841168
2021-11-26,298878.6615048493,-0.01667131734969299
2021-11-29,302890.3443049579,-0.00347264085944229
2021-11-30,300656.67771095136,-0.010821537626797495
2021-12-01,298568.3176462652,-0.01769236721686521
2021-12-02,299480.33303695795,-0.014691782002212305
2021-12-03,295988.8202332576,-0.02617906807487037
2021-12-06,294949.68050828937,-0.029597899957005378
2021-12-07,300751.0797611259,-0.010510949232262302
2021-12-08,299616.6179631476,-0.014243396439119932
2021-12-09,297206.47306018963,-0.02217291740421413
2021-12-10,298740.6992765943,-0.017125221336958023
2021-12-13,295589.7087483855,-0.027492168744800736
2021-12-14,292681.87944015884,-0.0370591011869954
2021-12-15,298132.0982544482,-0.01912755512135522
2021-12-16,292273.5317586902,-0.03840258949646561
2021-12-17,290570.6796015071,-0.044005075000249
2021-12-20,290373.13403691456,-0.04465501172981049
2021-12-21,294878.9341051755,-0.029830659857046256
2021-12-22,296223.30160707777,-0.02540761032253808
2021-12-23,296907.9100112898,-0.023155207702506134
2021-12-27,301076.5774004379,-0.009440042519622122
2021-12-28,299088.887959726,-0.015979659732212825
2021-12-29,298121.77194198425,-0.019161529307336573
2021-12-30,296856.9594450116,-0.023322838114681964
2021-12-31,296264.6064964708,-0.025271714764556887
2022-01-03,298540.29244629614,-0.017784571801922704
2022-01-04,295931.664609908,-0.026367113496150812
2022-01-05,290652.33661148057,-0.0437364185506982
2022-01-06,292503.4313910284,-0.03764620594780185
2022-01-07,289351.7455362053,-0.048015441021817054
2022-01-10,289915.9339620613,-0.04615922733707218
2022-01-11,291288.70890367933,-0.04164271562586489
2022-01-12,291902.5851224618,-0.0396230261288417
2022-01-13,287162.47069915367,-0.05521828625217995
2022-01-14,288331.5649760556,-0.0513718961170939
2022-01-18,284673.8250389453,-0.06340607940648109
2022-01-19,281757.9971846189,-0.07299932754401443
2022-01-20,278471.50325907767,-0.08381208923823882
2022-01-21,275485.7458226885,-0.09363540988567245
2022-01-24,275915.48215632787,-0.09222155163056343
2022-01-25,275915.48215632787,-0.09222155163056343
2022-01-26,275915.48215632787,-0.09222155163056343
2022-01-27,275915.48215632787,-0.09222155163056343
2022-01-28,275915.48215632787,-0.09222155163056343
2022-01-31,275915.48215632787,-0.09222155163056343
2022-02-01,275915.48215632787,-0.09222155163056343
2022-02-02,275915.48215632787,-0.09222155163056343
2022-02-03,275915.48215632787,-0.09222155163056343
2022-02-04,275915.48215632787,-0.09222155163056343
2022-02-07,275915.48215632787,-0.09222155163056343
2022-02-08,275915.48215632787,-0.09222155163056343
2022-02-09,275915.48215632787,-0.09222155163056343
2022-02-10,275915.48215632787,-0.09222155163056343
2022-02-11,275915.48215632787,-0.09222155163056343
2022-02-14,275915.48215632787,-0.09222155163056343
2022-02-15,275915.48215632787,-0.09222155163056343
2022-02-16,275915.48215632787,-0.09222155163056343
2022-02-17,275915.48215632787,-0.09222155163056343
2022-02-18,275915.48215632787,-0.09222155163056343
2022-02-22,275915.48215632787,-0.09222155163056343
2022-02-23,275915.48215632787,-0.09222155163056343
2022-02-24,275915.48215632787,-0.09222155163056343
2022-02-25,275915.48215632787,-0.09222155163056343
2022-02-28,275915.48215632787,-0.09222155163056343
2022-03-01,275915.48215632787,-0.09222155163056343
2022-03-02,275915.48215632787,-0.09222155163056343
2022-03-03,275915.48215632787,-0.09222155163056343
2022-03-04,275915.48215632787,-0.09222155163056343
2022-03-07,275915.48215632787,-0.09222155163056343
2022-03-08,275915.48215632787,-0.09222155163056343
2022-03-09,275915.48215632787,-0.09222155163056343
2022-03-10,275915.48215632787,-0.09222155163056343
2022-03-11,275915.48215632787,-0.09222155163056343
2022-03-14,275915.48215632787,-0.09222155163056343
2022-03-15,275915.48215632787,-0.09222155163056343
2022-03-16,275915.48215632787,-0.09222155163056343
2022-03-17,275915.48215632787,-0.09222155163056343
2022-03-18,275915.48215632787,-0.09222155163056343
2022-03-21,275915.48215632787,-0.09222155163056343
2022-03-22,275915.48215632787,-0.09222155163056343
2022-03-23,275915.48215632787,-0.09222155163056343
2022-03-24,275915.48215632787,-0.09222155163056343
2022-03-25,275915.48215632787,-0.09222155163056343
2022-03-28,275915.48215632787,-0.09222155163056343
2022-03-29,275915.48215632787,-0.09222155163056343
2022-03-30,275915.48215632787,-0.09222155163056343
2022-03-31,275245.6896251736,-0.0944252091415841
2022-04-01,273313.5169793604,-0.1007821727765729
2022-04-04,275584.22607629985,-0.09331140395777138
2022-04-05,270524.5128282219,-0.10995816334089341
2022-04-06,265243.5394477909,-0.1273328818006999
2022-04-07,264555.783727099,-0.12959563928030063
2022-04-08,260360.57145944744,-0.143398138702031
2022-04-11,255744.73025626462,-0.1585845324940653
2022-04-12,254038.72733335255,-0.16419738420565355
2022-04-13,257079.31279747622,-0.15419367606580736
2022-04-14,252931.5536468821,-0.16784005189260187
2022-04-18,255129.17273998188,-0.16060975356048118
2022-04-19,257027.56965579052,-0.15436391409850533
2022-04-20,253881.46085064946,-0.16471480034530986
2022-04-21,248345.15121226344,-0.18292959037430623
2022-04-22,245461.07185448636,-0.19241838405821354
2022-04-25,247322.3980760794,-0.186294509398691
2022-04-26,241885.94181180617,-0.20418077585116262
2022-04-27,240188.78178429833,-0.20976453390767066
2022-04-28,247035.81128861208,-0.18723739708015452
2022-04-29,247035.81128861208,-0.18723739708015452
2022-05-02,247035.81128861208,-0.18723739708015452
2022-05-03,247035.81128861208,-0.18723739708015452
2022-05-04,247035.81128861208,-0.18723739708015452
2022-05-05,247035.81128861208,-0.18723739708015452
2022-05-06,247035.81128861208,-0.18723739708015452
2022-05-09,247035.81128861208,-0.18723739708015452
2022-05-10,247035.81128861208,-0.18723739708015452
2022-05-11,247035.81128861208,-0.18723739708015452
2022-05-12,247035.81128861208,-0.18723739708015452
2022-05-13,247035.81128861208,-0.18723739708015452
2022-05-16,247035.81128861208,-0.18723739708015452
2022-05-17,247035.81128861208,-0.18723739708015452
2022-05-18,247035.81128861208,-0.18723739708015452
2022-05-19,247035.81128861208,-0.18723739708015452
2022-05-20,247035.81128861208,-0.18723739708015452
2022-05-23,247035.81128861208,-0.18723739708015452
2022-05-24,247035.81128861208,-0.18723739708015452
2022-05-25,247035.81128861208,-0.18723739708015452
2022-05-26,247035.81128861208,-0.18723739708015452
2022-05-27,247035.81128861208,-0.18723739708015452
2022-05-31,247035.81128861208,-0.18723739708015452
2022-06-01,247035.81128861208,-0.18723739708015452
2022-06-02,247035.81128861208,-0.18723739708015452
2022-06-03,247035.81128861208,-0.18723739708015452
2022-06-06,247035.81128861208,-0.18723739708015452
2022-06-07,247035.81128861208,-0.18723739708015452
2022-06-08,247035.81128861208,-0.18723739708015452
2022-06-09,247035.81128861208,-0.18723739708015452
2022-06-10,247035.81128861208,-0.18723739708015452
2022-06-13,247035.81128861208,-0.18723739708015452
2022-06-14,247035.81128861208,-0.18723739708015452
2022-06-15,247035.81128861208,-0.18723739708015452
2022-06-16,247035.81128861208,-0.18723739708015452
2022-06-17,247035.81128861208,-0.18723739708015452
2022-06-21,247035.81128861208,-0.18723739708015452
2022-06-22,247035.81128861208,-0.18723739708015452
2022-06-23,247035.81128861208,-0.18723739708015452
2022-06-24,247035.81128861208,-0.18723739708015452
2022-06-27,247035.81128861208,-0.18723739708015452
2022-06-28,247035.81128861208,-0.18723739708015452
2022-06-29,247035.81128861208,-0.18723739708015452
2022-06-30,247035.81128861208,-0.18723739708015452
2022-07-01,247035.81128861208,-0.18723739708015452
2022-07-05,247035.81128861208,-0.18723739708015452
2022-07-06,247035.81128861208,-0.18723739708015452
2022-07-07,247035.81128861208,-0.18723739708015452
2022-07-08,247035.81128861208,-0.18723739708015452
2022-07-11,247035.81128861208,-0.18723739708015452
2022-07-12,247035.81128861208,-0.18723739708015452
2022-07-13,247035.81128861208,-0.18723739708015452
2022-07-14,247035.81128861208,-0.18723739708015452
2022-07-15,247035.81128861208,-0.18723739708015452
2022-07-18,247035.81128861208,-0.18723739708015452
2022-07-19,247035.81128861208,-0.18723739708015452
2022-07-20,247035.81128861208,-0.18723739708015452
2022-07-21,247035.81128861208,-0.18723739708015452
2022-07-22,247035.81128861208,-0.18723739708015452
2022-07-25,247035.81128861208,-0.18723739708015452
2022-07-26,247035.81128861208,-0.18723739708015452
2022-07-27,247035.81128861208,-0.18723739708015452
2022-07-28,247035.81128861208,-0.18723739708015452
2022-07-29,247035.81128861208,-0.18723739708015452
2022-08-01,247035.81128861208,-0.18723739708015452
2022-08-02,247035.81128861208,-0.18723739708015452
2022-08-03,247035.81128861208,-0.18723739708015452
2022-08-04,247035.81128861208,-0.18723739708015452
2022-08-05,247035.81128861208,-0.18723739708015452
2022-08-08,244130.24425824458,-0.1967968864928073
2022-08-09,240578.83958988733,-0.20848122038439637
2022-08-10,245968.59720324806,-0.1907485952880929
2022-08-11,245079.2045907715,-0.19367475020856156
2022-08-12,249120.19511516576,-0.1803796495514994
2022-08-15,249796.666526411,-0.17815401812528406
2022-08-16,249464.26247088533,-0.1792476473605795
2022-08-17,248919.00318682133,-0.18104158303602016
2022-08-18,248456.35894579728,-0.18256371027578813
2022-08-19,246743.63976013867,-0.18819865889374512
2022-08-22,242611.03658208487,-0.2017951706638776
2022-08-23,243415.8410027322,-0.19914731595668084
2022-08-24,243472.04226823687,-0.19896241042982343
2022-08-25,247483.36449450374,-0.18576492024909033
2022-08-26,238185.7232683197,-0.21635471629764627
2022-08-29,235780.79181497512,-0.22426708470151527
2022-08-30,233836.07287164507,-0.23066532640616372
2022-08-31,231593.26119014737,-0.23804431105864973
2022-09-01,224411.75851363334,-0.2616718846391465
2022-09-02,222572.49835259235,-0.2677231606389163
2022-09-06,222572.49835259235,-0.2677231606389163
2022-09-07,222572.49835259235,-0.2677231606389163
2022-09-08,222572.49835259235,-0.2677231606389163
2022-09-09,222572.49835259235,-0.2677231606389163
2022-09-12,222572.49835259235,-0.2677231606389163
2022-09-13,222572.49835259235,-0.2677231606389163
2022-09-14,222572.49835259235,-0.2677231606389163
2022-09-15,222572.49835259235,-0.2677231606389163
2022-09-16,222572.49835259235,-0.2677231606389163
2022-09-19,222572.49835259235,-0.2677231606389163
2022-09-20,222572.49835259235,-0.2677231606389163
2022-09-21,222572.49835259235,-0.2677231606389163
2022-09-22,222572.49835259235,-0.2677231606389163
2022-09-23,222572.49835259235,-0.2677231606389163
2022-09-26,222572.49835259235,-0.2677231606389163
2022-09-27,222572.49835259235,-0.2677231606389163
2022-09-28,222572.49835259235,-0.2677231606389163
2022-09-29,222572.49835259235,-0.2677231606389163
2022-09-30,222572.49835259235,-0.2677231606389163
2022-10-03,222572.49835259235,-0.2677231606389163
2022-10-04,222572.49835259235,-0.2677231606389163
2022-10-05,222572.49835259235,-0.2677231606389163
2022-10-06,222572.49835259235,-0.2677231606389163
2022-10-07,222572.49835259235,-0.2677231606389163
2022-10-10,222572.49835259235,-0.2677231606389163
2022-10-11,222572.49835259235,-0.2677231606389163
2022-10-12,222572.49835259235,-0.2677231606389163
2022-10-13,222572.49835259235,-0.2677231606389163
2022-10-14,222572.49835259235,-0.2677231606389163
2022-10-17,222572.49835259235,-0.2677231606389163
2022-10-18,222572.49835259235,-0.2677231606389163
2022-10-19,222572.49835259235,-0.2677231606389163
2022-10-20,222572.49835259235,-0.2677231606389163
2022-10-21,222572.49835259235,-0.2677231606389163
2022-10-24,222572.49835259235,-0.2677231606389163
2022-10-25,222572.49835259235,-0.2677231606389163
2022-10-26,222572.49835259235,-0.2677231606389163
2022-10-27,222572.49835259235,-0.2677231606389163
2022-10-28,222572.49835259235,-0.2677231606389163
2022-10-31,222572.49835259235,-0.2677231606389163
2022-11-01,222572.49835259235,-0.2677231606389163
2022-11-02,222572.49835259235,-0.2677231606389163
2022-11-03,222572.49835259235,-0.2677231606389163
2022-11-04,222572.49835259235,-0.2677231606389163
2022-11-07,222572.49835259235,-0.2677231606389163
2022-11-08,222572.49835259235,-0.2677231606389163
2022-11-09,222572.49835259235,-0.2677231606389163
2022-11-10,222572.49835259235,-0.2677231606389163
2022-11-11,222572.49835259235,-0.2677231606389163
2022-11-14,222542.09431078174,-0.2678231917559935
2022-11-15,224594.8990018362,-0.2610693414729742
2022-11-16,220310.53789497676,-0.27516514591078267
2022-11-17,218816.72866993755,-0.2800798676577042
2022-11-18,217194.341962483,-0.2854176170164511
2022-11-21,216644.58054936663,-0.2872263649659026
2022-11-22,221119.91604845683,-0.2725022433488526
2022-11-23,224120.9449489101,-0.2626286786707321
2022-11-25,222687.78927513768,-0.2673438466041932
2022-11-28,220078.6424713165,-0.2759280957323335
2022-11-29,218960.80480142892,-0.2796058485629069
2022-11-30,226766.577756644,-0.25392438840622555
2022-12-01,227991.3350315915,-0.24989486367643493
2022-12-02,226577.01146170258,-0.254548072861118
2022-12-05,225067.38748411418,-0.25951482609035526
2022-12-06,221549.17498606225,-0.27108995575526484
2022-12-07,222298.81916201554,-0.26862358155415894
2022-12-08,228647.88194526406,-0.24773478503960897
2022-12-09,227578.36021229843,-0.2512535755462571
2022-12-12,230588.81474358658,-0.24134899997861595
2022-12-13,233574.99635969632,-0.23152428375451672
2022-12-14,231390.6255714981,-0.23871099437067064
2022-12-15,227626.9443582279,-0.2510937307986463
2022-12-16,225567.08002286684,-0.25787080773391646
2022-12-19,223759.81109920895,-0.26381683064819034
2022-12-20,222777.7159237941,-0.2670479825484816
2022-12-21,225193.0338252333,-0.2591014421088077
2022-12-22,218287.22661578035,-0.281821961103765
2022-12-23,217532.6014154021,-0.28430472317331684
2022-12-27,210727.16184811166,-0.30669502661908965
2022-12-28,210223.3887008878,-0.30835247042160147
2022-12-29,214022.3010830713,-0.2958538213395029
2022-12-30,214158.7428367421,-0.29540491980461214
2023-01-03,212190.56766637246,-0.3018803338999514
2023-01-04,215007.4998198586,-0.29261245853656453
2023-01-05,211796.80810668794,-0.3031758264157303
2023-01-06,215627.99177980915,-0.2905710028551814
2023-01-09,220863.2975016413,-0.2733465337251318
2023-01-10,222603.61954124938,-0.26762077006579693
2023-01-11,223154.76031497578,-0.26580748393739106
2023-01-12,226225.13082276005,-0.25570578122142495
2023-01-13,228559.98602195023,-0.24802396788741532
2023-01-17,233200.7681630934,-0.23275551691690888
2023-01-18,231387.0622232556,-0.23872271799963588
2023-01-19,228086.2810202454,-0.24958248569175082
2023-01-20,233982.76984002258,-0.23018268460116784
2023-01-23,241693.8267000188,-0.2048128460660114
2023-01-24,242123.34426773855,-0.2033997075638699
2023-01-25,242372.92232810735,-0.20257858080933613
2023-01-26,244758.7563965082,-0.19472904394480908
2023-01-27,247534.7196240992,-0.1855959587993897
2023-01-30,241729.91039042026,-0.20469412856517352
2023-01-31,243517.50426759964,-0.19881283773126088
2023-02-01,250516.41831822647,-0.17578599165689188
2023-02-02,254388.61881170847,-0.1630462203027173
2023-02-03,251507.04828741562,-0.1725267597743211
2023-02-06,251462.97580014795,-0.17267176089493586
2023-02-07,256365.56824818047,-0.1565419383468081
2023-02-08,256103.0682771539,-0.15740557896071355
2023-02-09,255328.150945807,-0.1599551033555285
2023-02-10,252339.2227152776,-0.16978885610543867
2023-02-13,255178.51708907468,-0.16044740769896884
2023-02-14,257348.93775696403,-0.15330659381347167
2023-02-15,256154.16687480998,-0.15723746151644563
2023-02-16,252879.00484259866,-0.168012940603461
2023-02-17,250301.27535540913,-0.17649382487972376
2023-02-21,247204.20671472757,-0.18668336605066335
2023-02-22,247691.11201468212,-0.18508141847511855
2023-02-23,260929.27278915895,-0.1415270772935282
2023-02-24,259243.52632741546,-0.14707328403563028
2023-02-27,260083.43726002134,-0.14430992680315172
2023-02-28,258905.17129449474,-0.14818649234268982
2023-03-01,256851.39003190113,-0.1549435556045155
2023-03-02,259379.2431233676,-0.1466267676550188
2023-03-03,261755.56472111092,-0.13880852738822583
2023-03-06,260416.3409069959,-0.14321465388209154
2023-03-07,259346.93230458233,-0.14673307218245316
2023-03-08,262921.7164956461,-0.13497181826201943
2023-03-09,259915.10679050916,-0.14486374412153072
2023-03-10,258075.7845653128,-0.15091522431608598
2023-03-13,258237.28187396878,-0.15038388850585221
2023-03-14,262645.4372273452,-0.13588079358857524
2023-03-15,263303.38922557334,-0.13371609213947455
2023-03-16,268215.3151041755,-0.11755556204621653
2023-03-17,269191.3119369902,-0.11434447405803312
2023-03-20,269711.10537264444,-0.1126343225478562
2023-03-21,270814.15924769465,-0.1090052092870293
2023-03-22,272349.68974114297,-0.10395322207024564
2023-03-23,274662.894510978,-0.09634263994447752
2023-03-24,272955.2478633327,-0.1019608996088064
2023-03-27,271959.919234864,-0.10523559036159659
2023-03-28,271461.29325067013,-0.1068760996897094
2023-03-29,273490.88618503313,-0.10019861747530528
2023-03-30,274994.3177736652,-0.09525223757631598
2023-03-31,276340.72315024526,-0.09082248331216188
2023-04-03,276478.35726746236,-0.09036965882984724
2023-04-04,275195.97043665894,-0.09458878824722641
2023-04-05,273439.1181927375,-0.10036893726799706
2023-04-06,274970.174511073,-0.09533167035509027
2023-04-10,275138.6702430853,-0.09477730931319572
2023-04-11,273294.5199482118,-0.10084467414592309
2023-04-12,271007.24871250405,-0.10836993339242817
2023-04-13,270868.5851075585,-0.10882614495097871
2023-04-14,271399.51055607974,-0.1070793684522777
2023-04-17,272411.6735148986,-0.10374929174519028
2023-04-18,273468.2072287503,-0.10027323259869085
2023-04-19,273979.1716900098,-0.09859212894263972
2023-04-20,271987.8581682714,-0.10514366959868951
2023-04-21,271931.9487010877,-0.1053276150916085
2023-04-24,270707.10419159493,-0.10935742682827349
2023-04-25,267846.60662758216,-0.11876863499945116
2023-04-26,274814.5727546189,-0.09584360944576234
2023-04-27,278389.6017070685,-0.08408155024572156
2023-04-28,279699.49504384963,-0.07977192277755753
2023-05-01,280681.55454637477,-0.07654088824320823
2023-05-02,279434.53263682337,-0.08064366495326572
2023-05-03,278544.8235801291,-0.08357086099414819
2023-05-04,278452.82402916765,-0.08387354502249542
2023-05-05,281284.41286581097,-0.07455744829439691
2023-05-08,281569.73821361485,-0.07361871082491657
2023-05-09,280175.86893524916,-0.07820462416640758
2023-05-10,281753.2519352674,-0.07301493969835877
2023-05-11,280759.05607541784,-0.07628590357460192
2023-05-12,280125.41261814267,-0.07837062846923035
2023-05-15,281266.51893521857,-0.07461632039690254
2023-05-16,282152.0198912681,-0.07170296925897376
2023-05-17,284028.7881210982,-0.06552828946822926
2023-05-18,287446.9512688994,-0.05428232815306649
2023-05-19,286666.1507403583,-0.05685120861872836
2023-05-22,287263.88221931807,-0.05488463628189859
2023-05-23,285290.6694878551,-0.061376624254706094
2023-05-24,284765.1818622506,-0.06310550999058631
2023-05-25,298331.0474119185,-0.018473000487228226
2023-05-26,301262.29368391633,-0.00882902483284562
2023-05-30,302010.0089294088,-0.006368996928392068
2023-05-31,299085.3638162573,-0.01599125437512612
2023-06-01,301703.3178284443,-0.0073780290043975955
2023-06-02,301976.8590548984,-0.006478061999375142
2023-06-05,301959.21900394786,-0.00653609882266564
2023-06-06,300930.8323220067,-0.009919552549729113
2023-06-07,297294.66938233684,-0.02188274622626869
2023-06-08,298890.0598641754,-0.016633816065379017
2023-06-09,299539.9618075558,-0.014495599778480348
2023-06-12,301436.4197005797,-0.008256139817506458
2023-06-13,303551.12517959694,-0.0012986322376565113
2023-06-14,306392.111272985,0.0
2023-06-15,308167.12207495974,0.0
2023-06-16,306802.773531957,-0.004427300789961839
2023-06-20,306721.91692364385,-0.004689679877545008
2023-06-21,304976.9236582866,-0.010352169936860159
2023-06-22,306277.70112496446,-0.006131156812814363
2023-06-23,304452.5336105426,-0.012053811709068675
2023-06-26,301327.120851711,-0.022195752672100215
2023-06-27,303948.6825062021,-0.013688804763966847
2023-06-28,302994.36887789273,-0.016785545330850606
2023-06-29,302490.0166749498,-0.018422164446955613
2023-06-30,305220.9911506529,-0.009560172754542712
2023-07-03,305090.3993011504,-0.009983942326790271
2023-07-05,304962.3517977759,-0.010399455514934236
2023-07-06,305005.3106100802,-0.010260054491181102
2023-07-07,304742.7879742237,-0.011111938475717946
2023-07-10,303951.5632401107,-0.013679456804037756
2023-07-11,304416.0567852719,-0.012172178733510085
2023-07-12,307628.5704101726,-0.0017475961133068916
2023-07-13,312010.1815410183,0.0
2023-07-14,311198.191253409,-0.002602448047044048
2023-07-17,312864.03357901657,0.0
2023-07-18,315031.55975854036,0.0
2023-07-19,313862.83254548477,-0.003709873429669645
2023-07-20,310879.6455532643,-0.013179359580539618
2023-07-21,308574.9104230914,-0.020495246064863325
2023-07-24,309164.7906478677,-0.018622798030677613
2023-07-25,311289.05348916305,-0.011879782051822982
2023-07-26,309653.5963826131,-0.01707118924862399
2023-07-27,310553.47363733145,-0.014214722247641441
2023-07-28,312184.57932237786,-0.009037127703473903
2023-07-31,312184.57932237786,-0.009037127703473903
2023-08-01,311745.1187178476,-0.010432100971761896
2023-08-02,307465.1545693789,-0.02401792758465482
2023-08-03,307945.2856239859,-0.022493854710892436
2023-08-04,308288.175124677,-0.021405425662850704
2023-08-07,309732.69518240006,-0.01682010710356029
2023-08-08,308234.0163417174,-0.021577341083010942
2023-08-09,304083.7009769987,-0.03475162548772178
2023-08-10,303763.69697885466,-0.03576740942501789
2023-08-11,300551.95519868797,-0.04596239364383192
2023-08-14,306662.88460831065,-0.026564561203467937
2023-08-15,307056.3330256356,-0.02531564373746376
2023-08-16,306117.41999959387,-0.02829602140743879
2023-08-17,305832.914435143,-0.029199123194031
2023-08-18,305750.76959461893,-0.029459874340954272
2023-08-21,313293.17736262083,-0.0055181214137781385
2023-08-22,310653.1086472493,-0.013898452315847291
2023-08-23,313391.65112533676,-0.005205537611725384
2023-08-24,313489.41920706094,-0.004895193842361091
2023-08-25,311309.57955579105,-0.011814626463463117
2023-08-28,312842.77423638076,-0.006947829366166415
2023-08-29,316626.1176199764,0.0
2023-08-30,317560.60897398036,0.0
2023-08-31,317743.72872503975,0.0
2023-09-01,316221.2800474025,-0.004791435801883975
2023-09-05,316257.4573640752,-0.004677578899600315
2023-09-06,313515.6633938225,-0.013306526451938305
2023-09-07,311969.95404146524,-0.018171168025068574
2023-09-08,310736.7095131109,-0.022052423316251714
2023-09-11,309983.1762038368,-0.02442393608315259
2023-09-12,309375.6295331755,-0.026336001108319615
2023-09-13,310581.4775602372,-0.022540967821902774
2023-09-14,310800.39945579646,-0.021851978942601612
2023-09-15,307482.2517012581,-0.03229482156880402
2023-09-18,307599.78778342594,-0.031924913144051034
2023-09-19,306684.50167160627,-0.034805492771829365
2023-09-20,304084.4513213443,-0.04298834616973837
2023-09-21,301580.12347119715,-0.05086994263804909
2023-09-22,302891.0286393423,-0.04674427452996336
2023-09-25,304197.6997215361,-0.042631931896367214
2023-09-26,303511.0989144419,-0.04479279533763545
2023-09-27,304737.4295556099,-0.04093329936555538
2023-09-28,305952.29064749205,-0.03710990024842143
2023-09-29,306877.10791903763,-0.0341993242466339
2023-10-02,309573.5239217107,-0.025713189796419813
2023-10-03,306987.08696172264,-0.0338531992636915
2023-10-04,307924.15985758306,-0.030904052479204327
2023-10-05,309298.29046953295,-0.026579401863868347
2023-10-06,311490.1534956772,-0.019681191677504584
2023-10-09,310510.57895222947,-0.022764099237563572
2023-10-10,311545.0268922996,-0.019508494652633164
2023-10-11,313537.08393836103,-0.01323911192066028
2023-10-12,313797.69161676127,-0.012418929947452074
2023-10-13,310993.0152153867,-0.021245780480831457
2023-10-16,312773.05386931007,-0.015643659988742266
2023-10-17,311673.2088229592,-0.019105081716132528
2023-10-18,310871.37094647565,-0.021628618151299867
2023-10-19,311333.806547199,-0.02017324528657358
2023-10-20,309382.04547691677,-0.02631580891202665
2023-10-23,310449.74846941256,-0.022955544346680252
2023-10-24,311146.4564909794,-0.020762871577457
2023-10-25,315384.2757314062,-0.007425647716482023
2023-10-26,309908.1048625836,-0.0246601998846583
2023-10-27,310707.8073330822,-0.022143383978621672
2023-10-30,314069.70000857936,-0.011562867758877857
2023-10-31,314267.45840125566,-0.010940484451834103
2023-11-01,317649.7152132984,-0.0002958784178639575
2023-11-02,318700.39152496017,0.0
2023-11-03,320349.8865851549,0.0
2023-11-06,321923.21411796444,0.0
2023-11-07,323492.0445706202,0.0
2023-11-08,324525.52450031013,0.0
2023-11-09,323593.2147323197,-0.0028728395691709
2023-11-10,326999.9650752631,0.0
2023-11-13,325863.9573747706,-0.0034740300361532
2023-11-14,327327.68181786087,0.0
2023-11-15,326896.56118438917,-0.001317091885041342
2023-11-16,329273.37771806336,0.0
2023-11-17,326982.6982405205,-0.006956770976802869
2023-11-20,329566.06360027473,0.0
2023-11-21,328059.3127908428,-0.004571923434627245
2023-11-22,329019.79736606637,-0.0016575318108933733
2023-11-24,328787.3918221179,-0.002362718326184421
2023-11-27,329211.56745764625,-0.0010756451642983751
2023-11-28,330733.3905710768,0.0
2023-11-29,329315.75094707427,-0.004286351679081057
2023-11-30,329326.7866170178,-0.004252984410283385
2023-12-01,327684.698661151,-0.009217974346834495
2023-12-04,325746.0711195746,-0.015079576461543781
2023-12-05,326995.42734750424,-0.011302043670638138
2023-12-06,325560.7902548532,-0.01563978861430366
2023-12-07,326331.34216692136,-0.013309960619804388
2023-12-08,327629.9713222104,-0.009383447022109604
2023-12-11,326519.1176850017,-0.01274220567448089
2023-12-12,327655.58027787745,-0.009306016208054681
2023-12-13,327621.4584937994,-0.009409186269048993
2023-12-14,324531.93601449137,-0.018750615248969465
2023-12-15,325559.2680934817,-0.01564439099620666
2023-12-18,327349.3960837402,-0.01023178966445876
2023-12-19,327068.664842818,-0.01108060399323729
2023-12-20,325462.3343611036,-0.01593747822338607
2023-12-21,326676.22583375045,-0.012267176078958423
2023-12-22,326911.3785272319,-0.011556172291057123
2023-12-26,327236.1400037963,-0.010574228871302526
2023-12-27,327248.4200585274,-0.010537099101278828
2023-12-28,327564.0232976867,-0.00958284637640463
2023-12-29,327683.35555744206,-0.009222035332955712
2024-01-02,325517.2301626012,-0.015771496187514715
2024-01-03,325059.74276701524,-0.01715474749696381
2024-01-04,324244.9278295274,-0.019618408441753468
2024-01-05,325261.2213087422,-0.01654556031637992
2024-01-08,331079.7036417982,0.0
2024-01-09,332692.0974404441,0.0
2024-01-10,334815.51614324,0.0
2024-01-11,335618.52208286093,0.0
2024-01-12,335751.4886808821,0.0
2024-01-16,337610.5757327504,0.0
2024-01-17,337032.4702389316,-0.001712344148473715
2024-01-18,338723.1201073084,0.0
2024-01-19,342236.7964846662,0.0
2024-01-22,342506.82868330105,0.0
2024-01-23,342796.39188350335,0.0
2024-01-24,345075.6135016374,0.0
2024-01-25,345530.0970959399,0.0
2024-01-26,344599.1133068683,-0.00269436381055141
2024-01-29,346716.6258521074,0.0
2024-01-30,347147.5416145138,0.0
2024-01-31,345318.72140270955,-0.005268135281323791
2024-02-01,347544.16699794884,0.0
2024-02-02,352131.5121250642,0.0
2024-02-05,356692.33210188535,0.0
2024-02-06,355184.5532953179,-0.0042271130351541845
2024-02-07,357669.9707637214,0.0
2024-02-08,357032.0608565088,-0.0017835154174405206
2024-02-09,360240.18888361275,0.0
2024-02-12,360045.77521176654,-0.0005396779089215449
2024-02-13,359920.1888259084,-0.0008882963855199555
2024-02-14,362038.00478604354,0.0
2024-02-15,360532.0554837616,-0.004159644242796925
2024-02-16,360433.9784967104,-0.004430546705396489
2024-02-20,356546.7808391955,-0.015167534552327624
2024-02-21,354076.3172202425,-0.021991303290123384
2024-02-22,368366.9243586195,0.0
2024-02-23,368890.2825159631,0.0
2024-02-26,369167.3336944623,0.0
2024-02-27,368719.24581903237,-0.0012137798622258486
2024-02-28,367551.02059854736,-0.004378266841054475
2024-02-29,369104.5405015332,-0.00017009412046487506
2024-03-01,372906.2198105829,0.0
2024-03-04,376102.3205479884,0.0
2024-03-05,376722.94805399113,0.0
2024-03-06,379653.41051334864,0.0
2024-03-07,383734.4135854174,0.0
2024-03-08,378505.8207474744,-0.013625551039558087
2024-03-11,376874.77183925256,-0.017876013991218177
2024-03-12,383914.27946730674,0.0
2024-03-13,381784.1482215212,-0.0055484553706655355
2024-03-14,378834.5867228205,-0.013231320157026985
2024-03-15,378869.7959814706,-0.013139608906539004
2024-03-18,379323.96939161076,-0.01195660156758216
2024-03-19,379910.7834387414,-0.010428098777988446
2024-03-20,381856.5171861108,-0.005359952445767762
2024-03-21,382294.14444122044,-0.004220043673119648
2024-03-22,385092.9776776668,0.0
2024-03-25,386084.48046133656,0.0
2024-03-26,384103.48322992754,-0.005130994203760526
2024-03-27,381400.66111613705,-0.012131591872335186
2024-03-28,381497.9116172726,-0.01187970269766716
2024-04-01,381668.4663798686,-0.011437947664177512
2024-04-02,380775.56203451287,-0.013750665192447003
2024-04-03,380265.28187013627,-0.015072345265592809
2024-04-04,377163.0451632636,-0.023107469348191904
2024-04-05,379276.1764244015,-0.017634233908598754
2024-04-08,378444.2911144094,-0.01978890562448357
2024-04-09,376563.6202139392,-0.02466004392619136
2024-04-10,378263.86655676796,-0.020256224480257955
2024-04-11,382066.94013089326,-0.010405858131470852
2024-04-12,379582.65572463116,-0.016840419819352224
2024-04-15,377318.82634231925,-0.022703979472428224
2024-04-16,378763.7784885217,-0.018961399235906277
2024-04-17,375232.3546257704,-0.02810816384693531
2024-04-18,375894.58704917633,-0.02639291120944361
2024-04-19,366785.6079235636,-0.0499861390820799
2024-04-22,370339.7164306264,-0.040780618821809576
2024-04-23,373814.07593095326,-0.031781656998285085
2024-04-24,370653.3669133958,-0.039968230604612576
2024-04-25,373832.4732860288,-0.03173400588562307
2024-04-26,379639.7422297419,-0.01669255967992753
2024-04-29,379738.24134319916,-0.016437436466118
2024-04-30,378254.7307286158,-0.020279887249974225
2024-05-01,374803.5081183003,-0.029218922059639663
2024-05-02,377733.69845766004,-0.021629416426420658
2024-05-03,380968.0511650035,-0.013252097805691062
2024-05-06,383661.34799158643,-0.00627617164734179
2024-05-07,381992.6657746834,-0.010598236639203399
2024-05-08,381777.2579762815,-0.011156165821294589
2024-05-09,380412.3720929286,-0.014691365893884858
2024-05-10,381418.7294258791,-0.012084793022196385
2024-05-13,381937.04438095994,-0.01074230198380624
2024-05-14,382920.6387553705,-0.008194687603566798
2024-05-15,386194.906153845,0.0
2024-05-16,385908.5539742591,-0.0007414706279730843
2024-05-17,384126.2133827197,-0.0053566029436473385
2024-05-20,386353.2997237735,0.0
2024-05-21,386860.6573710937,0.0
2024-05-22,387400.72345730173,0.0
2024-05-23,386169.97905414575,-0.003176928510025448
2024-05-24,388607.5182349997,0.0
2024-05-28,394957.2677268602,0.0
2024-05-29,395661.7891781105,0.0
2024-05-30,392402.7364102564,-0.008236966158961025
2024-05-31,391787.67589878466,-0.009791476926223636
2024-06-03,395976.9370747964,0.0
2024-06-04,397118.80644742853,0.0
2024-06-05,401736.50917203125,0.0
2024-06-06,400600.4832273352,-0.002827788659381149
2024-06-07,400550.06380079204,-0.0029532923798348504
2024-06-10,401118.7652737126,-0.0015376842388356176
2024-06-11,400579.2279788905,-0.002880697090552827
2024-06-12,403735.47348817525,0.0
2024-06-13,406480.1592234797,0.0
2024-06-14,408246.1570329653,0.0
2024-06-17,408314.45949915366,0.0
2024-06-18,410512.10801290337,0.0
2024-06-20,407866.56530832686,-0.006444493726098219
2024-06-21,406358.45396664366,-0.010118225419380674
2024-06-24,402225.4997488198,-0.020186026434628572
2024-06-25,405708.5154440125,-0.011701463793949537
2024-06-26,406013.45993274293,-0.01095862458707072
2024-06-27,405376.49779643945,-0.01251025272146782
2024-06-28,403960.96098140324,-0.01595847455806152
2024-07-01,406218.6986438721,-0.010458666834003118
2024-07-02,406407.74601520604,-0.009998150889055672
2024-07-03,407794.16255539964,-0.006620865510301324
2024-07-05,408906.3357928208,-0.003911631809973576
2024-07-08,409235.9438352126,-0.003108712636682171
2024-07-09,408699.1640231152,-0.004416298458439615
2024-07-10,410989.2296463603,0.0
2024-07-11,406579.5170128583,-0.010729508988097837
2024-07-12,407001.3410536392,-0.009703146226368402
2024-07-15,406768.394492917,-0.010269941032457687
2024-07-16,405249.99032749963,-0.013964451875780489
2024-07-17,400566.349235535,-0.02536047092960022
2024-07-18,401980.4901025068,-0.021919648725600812
2024-07-19,399749.5348811089,-0.027347905868294227
2024-07-22,403942.0131937801,-0.01714696139031206
2024-07-23,403073.275427101,-0.01926073397609636
2024-07-24,397332.9526683302,-0.033227822027795666
2024-07-25,395825.3818580975,-0.03689597365193901
2024-07-26,396388.731962266,-0.035525256213301354
2024-07-29,396883.6295463384,-0.03432109428307702
2024-07-30,395265.4196374694,-0.03825844784891476
2024-07-31,393692.580099877,-0.0420854083241217
2024-08-01,390705.17438763555,-0.04935422584231317
2024-08-02,387408.0043797336,-0.05737674752916868
2024-08-05,382059.4487505757,-0.07039060590633367
2024-08-06,384839.3828133264,-0.06362659881752825
2024-08-07,380266.0128804578,-0.07475431118313884
2024-08-08,385570.17696565745,-0.0618484642592093
2024-08-09,385251.50253620185,-0.0626238481536481
2024-08-12,388928.2769934431,-0.05367769046381046
2024-08-13,394834.1892313646,-0.03930769774404188
2024-08-14,396260.3867602917,-0.035837539827362874
2024-08-15,400006.59571525524,-0.026722437326533344
2024-08-16,401214.22940006707,-0.02378407885458277
2024-08-19,405061.4936274148,-0.014423093335185691
2024-08-20,403118.28987243917,-0.019151206908010174
2024-08-21,403912.01942551497,-0.017219940841114043
2024-08-22,400770.0428003146,-0.02486485316133203
2024-08-23,404478.90162863745,-0.01584062926253505
2024-08-26,402488.28857942467,-0.020684096939110486
2024-08-27,403766.21397798,-0.017574707917760817
2024-08-28,401893.54685561114,-0.02213119501592694
2024-08-29,396415.09675792523,-0.0354611066109337
2024-08-30,397645.9452521293,-0.03246626293762589
2024-09-03,389177.4382012562,-0.053071442927767914
2024-09-04,387852.2784505088,-0.05629576039196931
2024-09-05,388727.0586531052,-0.05416728563035777
2024-09-06,385105.40843429253,-0.06297931757077863
2024-09-09,388064.69308173674,-0.05577892292785684
2024-09-10,389374.0293244998,-0.052593106492010905
2024-09-11,396626.5754492117,-0.03494654643263308
2024-09-12,398511.79466332047,-0.030359518164931442
2024-09-13,398429.528166586,-0.03055968520289798
2024-09-16,396748.9386626958,-0.03464881791651258
2024-09-17,395875.6192261764,-0.03677373840961373
2024-09-18,394153.489733664,-0.04096394430380274
2024-09-19,397709.6241565659,-0.03231132237022615
2024-09-20,396228.3548718238,-0.03591547833805198
2024-09-23,396346.89560162125,-0.035627050512584524
2024-09-24,399901.64798236644,-0.026977791300113393
2024-09-25,401874.83680388174,-0.02217671944912316
2024-09-26,402178.2912754087,-0.021438368052936772
2024-09-27,400345.5021922331,-0.02589782574907308
2024-09-30,400423.05400085065,-0.025709130272346663
2024-10-01,397140.3714887316,-0.03369640165399255
2024-10-02,398500.957003623,-0.030385887857652543
2024-10-03,401492.465975785,-0.023107086477051775
2024-10-04,403000.5101405382,-0.019437783108564873
2024-10-07,405065.3510995106,-0.014413707512352493
2024-10-08,408669.1572297174,-0.005645092983675612
2024-10-09,408443.42950885306,-0.006194323242236352
2024-10-10,409883.9722854829,-0.002689261131802506
2024-10-11,409850.99570997106,-0.002769498211348926
2024-10-14,412048.25905002403,0.0
2024-10-15,407815.77243924356,-0.010271822578594204
2024-10-16,410408.67596151837,-0.003979104516266414
2024-10-17,411212.0010857709,-0.002029514616033386
2024-10-18,411894.4150155142,-0.00037336411726271256
2024-10-21,415546.8550342743,0.0
2024-10-22,415464.52730782406,-0.00019811899778048972
2024-10-23,413026.7536440911,-0.006064542083889305
2024-10-24,413537.4094739005,-0.004835665427447488
2024-10-25,414201.2795468573,-0.0032380836748385723
2024-10-28,413584.71380291064,-0.004721829097230929
2024-10-29,413788.50379131245,-0.004231415113987083
2024-10-30,412656.6112649507,-0.006955277688445464
2024-10-31,409080.5771844124,-0.015560887470387781
2024-11-01,410445.3263199786,-0.01227666303448485
2024-11-04,410904.54918851226,-0.011171558127612646
2024-11-05,413370.49726861756,-0.005237334224265072
2024-11-06,417042.9506573435,0.0
2024-11-07,419214.74099616037,0.0
2024-11-08,418197.796885097,-0.002425830992123181
2024-11-11,416548.6875652975,-0.006359636649531033
2024-11-12,418413.4356101805,-0.0019114437247024698
2024-11-13,418025.1720603293,-0.0028376123726097046
2024-11-14,418425.4213818006,-0.0018828527176409315
2024-11-15,414435.4957380899,-0.011400470428863673
2024-11-18,413380.8669044689,-0.013916195021741583
2024-11-19,417563.24769900006,-0.003939492426330109
2024-11-20,416834.4325497258,-0.00567801704868093
2024-11-21,417303.7622127485,-0.004558472297207101
2024-11-22,414467.07851418504,-0.011325132486261543
2024-11-25,410927.8156488129,-0.019767733662360298
2024-11-26,412559.03346317454,-0.015876606622110156
2024-11-27,410912.99489908933,-0.019803087261063355
2024-11-29,411813.85796297033,-0.0176541574268206
2024-12-02,413347.987231488,-0.013994626598128413
2024-12-03,413738.503499693,-0.01306308428814893
2024-12-04,416306.94990400586,-0.006936280640429923
2024-12-05,417792.22432590474,-0.0033932887638334734
2024-12-06,417730.6864886638,-0.0035400818777748676
2024-12-09,418637.93664761714,-0.0013759161883778108
2024-12-10,417715.50238558504,-0.0035763022240409637
2024-12-11,419765.356301212,0.0
2024-12-12,419989.3218216231,0.0
2024-12-13,419161.5857491252,-0.00197085027997308
2024-12-16,420828.2941303992,0.0
2024-12-17,421929.4452856678,0.0
2024-12-18,415483.5910740444,-0.015277090242562238
2024-12-19,415357.9679279065,-0.015574825201668654
2024-12-20,415307.96161510056,-0.015693343388452394
2024-12-23,414630.95307249745,-0.01729789730183179
2024-12-24,416108.06261999515,-0.013797052399913112
2024-12-26,415738.78523312067,-0.014672263625392918
2024-12-27,412896.118682077,-0.021409566704866444
2024-12-30,410634.29468747124,-0.026770235460929142
2024-12-31,409256.52291655965,-0.03003564342499944
2025-01-02,408201.9026016145,-0.03253516159498908
2025-01-03,410216.2709327797,-0.027760978722301922
2025-01-06,412116.2118405553,-0.023257996223677673
2025-01-07,408273.4372678677,-0.032365619821945094
2025-01-08,409162.6285720445,-0.030258179077735398
2025-01-10,406865.40113130905,-0.03570275628466653
2025-01-13,406175.0426258031,-0.03733895047120533
2025-01-14,405574.86245225533,-0.038761416194452995
2025-01-15,409812.1344775023,-0.028718808188325007
2025-01-16,409134.28392855433,-0.030325357711051604
2025-01-17,410869.1576772682,-0.026213595026322943
2025-01-21,410731.46928451315,-0.026539925398126763
2025-01-22,416302.55426570243,-0.013336094654772564
2025-01-23,416490.1743404297,-0.012891422976074594
2025-01-24,415091.50812635984,-0.01620635211813271
2025-01-27,411536.4551594778,-0.024632056952444796
2025-01-28,416205.27472041466,-0.013566653451686853
2025-01-29,414172.208715394,-0.018385151017421202
2025-01-30,404140.7925158353,-0.0421602544420398
2025-01-31,400690.6580399149,-0.050337295685474445
2025-02-03,399054.7999891054,-0.0542143847796048
2025-02-04,400529.7401519312,-0.050718681459284994
2025-02-05,405216.5973903101,-0.039610527499549714
2025-02-06,407955.99003709113,-0.03311799023440022
2025-02-07,408765.4238427921,-0.031199579905979206
2025-02-10,411245.9023399135,-0.02532068587562312
2025-02-11,410816.0650775757,-0.026339427912095054
2025-02-12,409646.65128701384,-0.029111014023536243
2025-02-13,412388.3989674969,-0.02261289517661212
2025-02-14,414741.23463797354,-0.017036522878433994
2025-02-18,415147.3209493099,-0.01607407212778436
2025-02-19,415027.9992417454,-0.016356872271025693
2025-02-20,415578.34445084573,-0.01505251862790005
2025-02-21,411919.79959489475,-0.02372350591458719
2025-02-24,409320.2436159261,-0.029884621257481998
2025-02-25,407061.9232980203,-0.03523698607377683
2025-02-26,410351.0157002205,-0.027441624932358334
2025-02-27,402478.0857005803,-0.046100976839665436
2025-02-28,405766.06164235884,-0.03830826178145853
2025-03-03,397768.855642033,-0.05726215582625869
2025-03-04,399079.0568362351,-0.05415689448732785
2025-03-05,400149.98660632095,-0.05161872185668632
2025-03-06,398396.8014488572,-0.05577388376124781
2025-03-07,396840.4383854162,-0.05946256460784592
2025-03-10,392352.22982775286,-0.07009990838134
2025-03-11,393443.5069862542,-0.06751351112773644
2025-03-12,399262.3604516187,-0.053722453095688384
2025-03-13,399479.5740537978,-0.0532076428481313
2025-03-14,403517.53600239696,-0.043637412579264345
2025-03-17,402342.8339523381,-0.04642153220680903
2025-03-18,399146.6685117419,-0.05399665045538779
2025-03-19,400829.6943676234,-0.0500077706208884
2025-03-20,401669.41419701645,-0.048017580462852635
2025-03-21,401098.32757925225,-0.049371092582343484
2025-03-24,403610.9690887686,-0.04341597013807996
2025-03-25,403159.6143360764,-0.044485710014581285
2025-03-26,398004.4952762136,-0.05670367469436921
2025-03-27,396667.9170010552,-0.05987145141650219
2025-03-28,394730.7423305729,-0.06446268033433873
2025-03-31,394449.60541958193,-0.0651289929468672
2025-04-01,395584.55390767695,-0.062439091825302676
2025-04-02,395680.7791669695,-0.06221103175419901
2025-04-03,388937.99568202044,-0.07819186352663879
2025-04-04,382994.53277451254,-0.09227825397394182
2025-04-07,385942.0901186482,-0.08529235294932856
2025-04-08,385942.0901186482,-0.08529235294932856
2025-04-09,385942.0901186482,-0.08529235294932856
2025-04-10,385942.0901186482,-0.08529235294932856
2025-04-11,385942.0901186482,-0.08529235294932856
2025-04-14,385942.0901186482,-0.08529235294932856
2025-04-15,385942.0901186482,-0.08529235294932856
2025-04-16,385942.0901186482,-0.08529235294932856
2025-04-17,385942.0901186482,-0.08529235294932856
2025-04-21,385942.0901186482,-0.08529235294932856
2025-04-22,385942.0901186482,-0.08529235294932856
2025-04-23,385942.0901186482,-0.08529235294932856
2025-04-24,385942.0901186482,-0.08529235294932856
2025-04-25,385942.0901186482,-0.08529235294932856
2025-04-28,385942.0901186482,-0.08529235294932856
2025-04-29,385942.0901186482,-0.08529235294932856
2025-04-30,385942.0901186482,-0.08529235294932856
2025-05-01,385942.0901186482,-0.08529235294932856
2025-05-02,385942.0901186482,-0.08529235294932856
2025-05-05,385942.0901186482,-0.08529235294932856
2025-05-06,385942.0901186482,-0.08529235294932856
2025-05-07,385942.0901186482,-0.08529235294932856
2025-05-08,385942.0901186482,-0.08529235294932856
2025-05-09,385942.0901186482,-0.08529235294932856
2025-05-12,389954.1942524657,-0.07578340736933689
2025-05-13,389881.18534953066,-0.07595644317840584
2025-05-14,391358.05405935505,-0.07245616907730706
2025-05-15,391448.24451491685,-0.0722424118802934
2025-05-16,391869.0655969863,-0.07124503877260592
2025-05-20,393321.45694218186,-0.06780277760448042
2025-05-22,392088.7863389517,-0.07072428644204355
2025-05-23,390361.76099393726,-0.07481744790377828
2025-05-27,393856.40416002413,-0.066534918193815
2025-05-28,392995.8368965387,-0.06857451811532038
2025-05-29,393480.71216101164,-0.06742533246380776
2025-05-30,394097.82613397733,-0.06596273254370058
2025-06-02,394689.22702473606,-0.06456107428693132
2025-06-03,395548.86818778946,-0.0625236692831839
2025-06-04,395881.6032253524,-0.0617350657825733
2025-06-05,397115.8261632025,-0.05880987781183456
2025-06-06,398099.3226608857,-0.05647892767627981
2025-06-09,398953.9475454127,-0.05445341157619256
2025-06-10,398344.06396513025,-0.0558988749992763
2025-06-11,398754.3451623983,-0.054926482098396234
2025-06-12,400920.0442030921,-0.049793635683215313
2025-06-13,399474.5957775642,-0.05321944168390638
2025-06-16,400946.6489224548,-0.049730580782307236
2025-06-17,400555.5416850724,-0.0506575301615277
2025-06-18,401330.30649817263,-0.04882128758173888
2025-06-20,400330.155557625,-0.051191709821102827
2025-06-23,403358.781645199,-0.04401367064556374
2025-06-24,404806.18318240007,-0.04058323564423049
2025-06-25,405601.4433933857,-0.038698417649489274
2025-06-26,407162.2487661777,-0.034999208243197986
2025-06-27,406978.57936001755,-0.035434516582571594
2025-06-30,407389.54492291843,-0.034460501690999776
2025-07-01,405368.9416729303,-0.039249461723452735
2025-07-02,405376.1477961198,-0.03923238274669491
2025-07-03,407690.97055619117,-0.03374610349803019
2025-07-07,407252.3348750277,-0.03478569835462164
2025-07-08,407172.9208344343,-0.0349739147530758
2025-07-09,409298.2119799293,-0.029936837655846683
2025-07-10,408993.8753328064,-0.03065813513940314
2025-07-11,409552.6518706485,-0.029333798703334316
2025-07-14,409311.4471703309,-0.029905469400918067
2025-07-15,411254.06869182613,-0.025301331094856088
2025-07-16,411402.8147337675,-0.02494879338125653
2025-07-17,412819.2109434919,-0.021591843005903017
2025-07-18,412386.1972598372,-0.022618113365776914
2025-07-21,412138.8526995663,-0.023204335927474243
2025-07-22,410295.10764747165,-0.0275741306234721
2025-07-23,411154.56377359485,-0.025537164169184216
2025-07-24,412781.33550002327,-0.02168161024990985
2025-07-25,413284.5265522931,-0.02048901499994064
2025-07-28,413497.8679030648,-0.019983382237981406
2025-07-29,413185.7332452991,-0.020723161509737156
2025-07-30,414189.7274716287,-0.01834363043517597
2025-07-31,417117.1256141204,-0.01140550801873807
2025-08-01,414558.5942791317,-0.017469392309289202
2025-08-13,416614.8465935305,-0.012595941694799299
2025-08-14,416968.53568942106,-0.011757675724404434
2025-08-15,416209.43099515664,-0.013556802812466432
2025-08-18,416396.15239536995,-0.013114261050331553
2025-08-19,413487.2481350011,-0.020008551773273077
2025-08-20,413221.21260059695,-0.020639073149243983
2025-08-21,412998.5523028926,-0.021166792416510538
2025-08-22,414501.6338721353,-0.01760439214784705
2025-08-25,415427.5057540958,-0.015410016068373335
2025-08-26,416386.60059534776,-0.013136899432480316
2025-08-27,416303.305260806,-0.013334314747937543
2025-08-28,415585.9713387053,-0.01503444241173462
2025-08-29,412673.01399287744,-0.02193833920864011
2025-09-02,411045.64603024407,-0.025795306246177784
2025-09-03,410985.66138898465,-0.025937473715003777
2025-09-04,411527.31915827875,-0.02465370986456339
2025-09-05,408934.42413264664,-0.030799038318415642
2025-09-08,409595.7647161973,-0.029231618478582314
2025-09-09,410886.3293142953,-0.026172897138988984
2025-09-10,414324.0001826631,-0.01802539544936338
2025-09-11,414241.5506253756,-0.01822080621817493
2025-09-12,414563.90549171506,-0.01745680439289055
2025-09-15,414529.19035226316,-0.01753908151253646
2025-09-16,413006.0235670676,-0.02114908503851537
2025-09-17,410749.9765513199,-0.02649606198206629
2025-09-18,410230.38069963385,-0.027727537664770145
2025-09-19,410414.9107279065,-0.02729018959547928
2025-09-22,410977.79588787275,-0.02595611545996797
2025-09-23,408431.0992901514,-0.03199195065984866
2025-09-24,407742.42139260273,-0.03362416169712856
2025-09-25,408092.0322511488,-0.03279556141228866
2025-09-26,408336.98529564094,-0.03221500689724095
2025-09-29,410135.1400730111,-0.027953264092936983
2025-09-30,412425.47271627386,-0.022525028000734224
2025-10-01,412739.6542601369,-0.021780397476902656
2025-10-02,413528.27299983834,-0.01991132019748329
2025-10-03,412915.9337431289,-0.021362603732091444
2025-10-06,411948.0960839015,-0.02365644141050271
2025-10-07,410974.6433325684,-0.02596358721938076
2025-10-08,412873.3099708144,-0.021463624821732766
2025-10-09,414454.75466458674,-0.017715498893470908
2025-10-10,410136.27105074556,-0.027950583602757654
2025-10-13,412503.5177412068,-0.022340056257697652
2025-10-14,408576.5330206406,-0.03164726333803646
2025-10-15,408493.80882154434,-0.031843325025649315
2025-10-16,409444.90342697356,-0.02958916946467567
